<?xml version="1.0" encoding="UTF-8"?>
<CATALOG>
	<CATEGORY cat="c1">
		<PRODUCT>
			<ID>p1</ID>
			<NAME>poire</NAME>
			<DESCRIPTION>lot de 5 poires</DESCRIPTION>
			<IMG_NAME>../img/poires.jpg</IMG_NAME>
			<STOCK>0</STOCK>
			<PRICE>3.00€</PRICE>
		</PRODUCT>
		<PRODUCT>
			<ID>p2</ID>
			<NAME>patate</NAME>
			<DESCRIPTION>lot de patates</DESCRIPTION>
			<IMG_NAME>../img/patates.jpg</IMG_NAME>
			<STOCK>2</STOCK>
			<PRICE>1.70€</PRICE>
		</PRODUCT>
			<PRODUCT>
			<ID>p3</ID>
			<NAME>tomate</NAME>
			<DESCRIPTION>lot de 4 tomates</DESCRIPTION>
			<IMG_NAME>../img/tomates.jpg</IMG_NAME>
			<STOCK>1</STOCK>
			<PRICE>2.90€</PRICE>
		</PRODUCT>
		<PRODUCT>
			<ID>p4</ID>
			<NAME>banane</NAME>
			<DESCRIPTION>lot de 2 bananes</DESCRIPTION>
			<IMG_NAME>../img/bananes.jpg</IMG_NAME>
			<STOCK>8</STOCK>
			<PRICE>1.80€</PRICE>
		</PRODUCT>
		<PRODUCT>
			<ID>p5</ID>
			<NAME>carotte</NAME>
			<DESCRIPTION>lot de 3 carottes</DESCRIPTION>
			<IMG_NAME>../img/carottes.jpg</IMG_NAME>
			<STOCK>14</STOCK>
			<PRICE>2.00€</PRICE>
		</PRODUCT>
	</CATEGORY>
	<CATEGORY cat="c2">
		<PRODUCT>
			<ID>p6</ID>
			<NAME>brochettes au boeuf</NAME>
			<DESCRIPTION>lot de 5 brochettes au boeuf</DESCRIPTION>
			<IMG_NAME>../img/brochettes_boeuf.jpg</IMG_NAME>
			<STOCK>5</STOCK>
			<PRICE>13.00€</PRICE>
		</PRODUCT>
		<PRODUCT>
			<ID>p7</ID>
			<NAME>cubes de boeuf</NAME>
			<DESCRIPTION>cubes de boeuf</DESCRIPTION>
			<IMG_NAME>../img/cubes_boeuf.jpg</IMG_NAME>
			<STOCK>3</STOCK>
			<PRICE>15.00€</PRICE>
		</PRODUCT>
		<PRODUCT>
			<ID>p8</ID>
			<NAME>poulet</NAME>
			<DESCRIPTION>un poulet entier</DESCRIPTION>
			<IMG_NAME>../img/poulet_entier.jpg</IMG_NAME>
			<STOCK>8</STOCK>
			<PRICE>9.00€</PRICE>
		</PRODUCT>
		<PRODUCT>
			<ID>p9</ID>
			<NAME>crevette</NAME>
			<DESCRIPTION>500g de crevettes</DESCRIPTION>
			<IMG_NAME>../img/crevettes.jpg</IMG_NAME>
			<STOCK>3</STOCK>
			<PRICE>7.85€</PRICE>
		</PRODUCT>
		<PRODUCT>
			<ID>p10</ID>
			<NAME>saumon</NAME>
			<DESCRIPTION>1kg de saumon</DESCRIPTION>
			<IMG_NAME>../img/saumon.jpg</IMG_NAME>
			<STOCK>5</STOCK>
			<PRICE>20.00€</PRICE>
		</PRODUCT>
	</CATEGORY>
	<CATEGORY cat="c3">
		<PRODUCT>
			<ID>p11</ID>
			<NAME>gateau au chocolat</NAME>
			<DESCRIPTION>gâteau au chocolat</DESCRIPTION>
			<IMG_NAME>../img/gateau_chocolat.jpg</IMG_NAME>
			<STOCK>4</STOCK>
			<PRICE>12.00€</PRICE>
		</PRODUCT>
		<PRODUCT>
			<ID>p12</ID>
			<NAME>glace pistache</NAME>
			<DESCRIPTION>glace à la pistache</DESCRIPTION>
			<IMG_NAME>../img/glace_pistache.jpg</IMG_NAME>
			<STOCK>3</STOCK>
			<PRICE>4.50€</PRICE>
		</PRODUCT>
		<PRODUCT>
			<ID>p13</ID>
			<NAME>tarte aux pommes</NAME>
			<DESCRIPTION>tarte aux pommes</DESCRIPTION>
			<IMG_NAME>../img/tarte_pommes.jpg</IMG_NAME>
			<STOCK>9</STOCK>
			<PRICE>4.00€</PRICE>
		</PRODUCT>
		<PRODUCT>
			<ID>p14</ID>
			<NAME>gâteau aux fraises</NAME>
			<DESCRIPTION>gâteau aux fraises</DESCRIPTION>
			<IMG_NAME>../img/gateau_fraises.jpg</IMG_NAME>
			<STOCK>7</STOCK>
			<PRICE>16.00€</PRICE>
		</PRODUCT>
		<PRODUCT>
			<ID>p15</ID>
			<NAME>beignet fruits rouges</NAME>
			<DESCRIPTION>lot de 3 beignets aux fruits rouges</DESCRIPTION>
			<IMG_NAME>../img/beignet_fruits_rouges.jpg</IMG_NAME>
			<STOCK>1</STOCK>
			<PRICE>2.90€</PRICE>
		</PRODUCT>
	</CATEGORY>
</CATALOG>
