[
    {
        "login": "admin",
        "password": "1234",
        "last_name": "",
        "first_name": "",
        "gender": "",
        "email": "",
        "phone_nb": "",
        "birth_date": "",
        "address": "",
        "job": "",
        "id": "u00"
    },
    {
        "login": "User1",
        "password": "1234",
        "last_name": "empty",
        "first_name": "empty",
        "gender": "male",
        "email": "exemple@gmail.com",
        "phone_nb": "07 77 77 77 77",
        "birth_date": "01\/01\/2022",
        "address": "home",
        "job": "empty",
        "id": "u1"
    },
    {
        "login": "User2",
        "password": "1234",
        "last_name": "empty",
        "first_name": "empty",
        "gender": "male",
        "email": "exemple@gmail.com",
        "phone_nb": "07 77 77 77 77",
        "birth_date": "01\/01\/2022",
        "address": "home",
        "job": "empty",
        "id": "u2"
    },
    {
        "login": "User3",
        "password": "1234",
        "last_name": "empty",
        "first_name": "empty",
        "gender": "male",
        "email": "exemple@gmail.com",
        "phone_nb": "07 77 77 77 77",
        "birth_date": "01\/01\/2022",
        "address": "home",
        "job": "empty",
        "id": "u3"
    },
    {
        "login": "robin123",
        "password": "1234",
        "last_name": "Meneust",
        "first_name": "Robin",
        "gender": "M",
        "email": "test123@hotmail.fr",
        "phone_nb": "0600000000",
        "birth_date": "2002-02-13",
        "address": "1 rue 0",
        "job": "Employ\u00e9s",
        "id": "u4"
    },
    {
        "login": "User5",
        "password": "1234",
        "last_name": "empty",
        "first_name": "empty",
        "gender": "male",
        "email": "exemple@gmail.com",
        "phone_nb": "07 77 77 77 77",
        "birth_date": "01\/01\/2022",
        "address": "home",
        "job": "empty",
        "id": "u5"
    },
    {
        "login": "Hanabi",
        "password": "1111",
        "last_name": "Pinto",
        "first_name": "Ethan",
        "gender": "M",
        "email": "ethanpinto02@gmail.com",
        "phone_nb": "0105050505",
        "birth_date": "2002-01-02",
        "address": "95 adresse fictive Cergy-Pr\u00e9fecture",
        "job": "Employ\u00e9s",
        "id": "u6"
    },
    {
        "login": "User9",
        "password": "1234",
        "last_name": "empty",
        "first_name": "empty",
        "gender": "male",
        "email": "exemple@gmail.com",
        "phone_nb": "07 77 77 77 77",
        "birth_date": "01\/01\/2022",
        "address": "home",
        "job": "empty",
        "id": "u9"
    },
    {
        "login": "robinv2",
        "password": "1234",
        "last_name": "Meneust",
        "first_name": "Robin",
        "gender": "M",
        "email": "abc4@hotmail.fr",
        "phone_nb": "0600000000",
        "birth_date": "2002-02-13",
        "address": "1 rue 0",
        "job": "Autres personnes sans activit\u00e9 professionnelle",
        "id": "u10"
    },
    {
        "login": "User11",
        "password": "1234",
        "last_name": "empty",
        "first_name": "empty",
        "gender": "male",
        "email": "exemple@gmail.com",
        "phone_nb": "07 77 77 77 77",
        "birth_date": "01\/01\/2022",
        "address": "home",
        "job": "empty",
        "id": "u11"
    },
    {
        "login": "User12",
        "password": "1234",
        "last_name": "empty",
        "first_name": "empty",
        "gender": "male",
        "email": "exemple@gmail.com",
        "phone_nb": "07 77 77 77 77",
        "birth_date": "01\/01\/2022",
        "address": "home",
        "job": "empty",
        "id": "u12"
    },
    {
        "login": "User15",
        "password": "1234",
        "last_name": "empty",
        "first_name": "empty",
        "gender": "male",
        "email": "exemple@gmail.com",
        "phone_nb": "07 77 77 77 77",
        "birth_date": "01\/01\/2022",
        "address": "home",
        "job": "empty",
        "id": "u15"
    }
]